{
  "faststar_charging_api": {
    "version": "1.0",
    "base_url": "https://faststarone.com/api",
    "authentication": {
      "type": "Bearer Token",
      "header": "Authorization: Bearer YOUR_API_KEY"
    },
    "endpoints": {
      "charge_product": {
        "url": "/charging/charge_product.php",
        "method": "POST",
        "description": "شحن منتج للعميل",
        "parameters": {
          "product_id": {
            "type": "integer",
            "required": true,
            "description": "معرف المنتج"
          },
          "customer_id": {
            "type": "string",
            "required": true,
            "description": "معرف العميل في التطبيق/اللعبة"
          },
          "amount": {
            "type": "number",
            "required": true,
            "description": "المبلغ"
          },
          "currency": {
            "type": "string",
            "required": true,
            "enum": ["YER", "SAR", "USD"],
            "description": "العملة"
          }
        },
        "response": {
          "success": {
            "type": "boolean",
            "description": "حالة نجاح العملية"
          },
          "transaction_id": {
            "type": "string",
            "description": "معرف المعاملة"
          },
          "message": {
            "type": "string",
            "description": "رسالة الحالة"
          },
          "timestamp": {
            "type": "string",
            "description": "وقت المعاملة"
          }
        },
        "example_request": {
          "product_id": 1,
          "customer_id": "123456789",
          "amount": 2500.0,
          "currency": "YER"
        },
        "example_response": {
          "success": true,
          "transaction_id": "TXN_123456",
          "status": "completed",
          "message": "تم شحن الحساب بنجاح",
          "customer_id": "123456789",
          "product": "ببجي موبايل",
          "amount": 2500.0,
          "currency": "YER",
          "timestamp": "2024-01-15 14:30:00"
        }
      },
      "get_products": {
        "url": "/products/list.php",
        "method": "GET",
        "description": "الحصول على قائمة المنتجات",
        "parameters": {
          "category": {
            "type": "string",
            "required": false,
            "enum": ["games", "chat_apps"],
            "description": "فلترة حسب الفئة"
          },
          "status": {
            "type": "string",
            "required": false,
            "enum": ["active", "inactive"],
            "description": "فلترة حسب الحالة"
          }
        }
      },
      "check_balance": {
        "url": "/wallet/balance.php",
        "method": "GET",
        "description": "فحص رصيد المحفظة",
        "parameters": {
          "user_id": {
            "type": "integer",
            "required": true,
            "description": "معرف المستخدم"
          }
        }
      }
    },
    "error_codes": {
      "400": "طلب غير صحيح",
      "401": "غير مصرح",
      "404": "غير موجود",
      "500": "خطأ في الخادم"
    },
    "rate_limiting": {
      "requests_per_minute": 60,
      "requests_per_hour": 1000
    }
  }
}
