{
  "openapi": "3.0.0",
  "info": {
    "title": "FastStar API",
    "description": "API متقدم لنظام فاست ستار لشحن الألعاب والتطبيقات",
    "version": "1.0.0",
    "contact": {
      "name": "FastStar Support",
      "email": "support@faststarone.com",
      "url": "https://faststarone.com"
    },
    "license": {
      "name": "MIT",
      "url": "https://opensource.org/licenses/MIT"
    }
  },
  "servers": [
    {
      "url": "https://api.faststarone.com/v1",
      "description": "Production Server"
    },
    {
      "url": "https://staging-api.faststarone.com/v1",
      "description": "Staging Server"
    },
    {
      "url": "http://localhost/api/v1",
      "description": "Development Server"
    }
  ],
  "security": [
    {
      "ApiKeyAuth": []
    },
    {
      "BearerAuth": []
    }
  ],
  "paths": {
    "/auth/login": {
      "post": {
        "tags": ["Authentication"],
        "summary": "تسجيل الدخول",
        "description": "تسجيل الدخول والحصول على JWT token",
        "requestBody": {
          "required": true,
          "content": {
            "application/json": {
              "schema": {
                "type": "object",
                "required": ["username", "password"],
                "properties": {
                  "username": {
                    "type": "string",
                    "example": "user123"
                  },
                  "password": {
                    "type": "string",
                    "example": "password123"
                  }
                }
              }
            }
          }
        },
        "responses": {
          "200": {
            "description": "تم تسجيل الدخول بنجاح",
            "content": {
              "application/json": {
                "schema": {
                  "type": "object",
                  "properties": {
                    "success": {
                      "type": "boolean",
                      "example": true
                    },
                    "data": {
                      "type": "object",
                      "properties": {
                        "token": {
                          "type": "string",
                          "example": "eyJ0eXAiOiJKV1QiLCJhbGciOiJIUzI1NiJ9..."
                        },
                        "expires_in": {
                          "type": "integer",
                          "example": 86400
                        },
                        "user": {
                          "$ref": "#/components/schemas/User"
                        }
                      }
                    }
                  }
                }
              }
            }
          },
          "401": {
            "$ref": "#/components/responses/Unauthorized"
          },
          "429": {
            "$ref": "#/components/responses/RateLimitExceeded"
          }
        }
      }
    },
    "/auth/register": {
      "post": {
        "tags": ["Authentication"],
        "summary": "إنشاء حساب جديد",
        "description": "تسجيل مستخدم جديد في النظام",
        "requestBody": {
          "required": true,
          "content": {
            "application/json": {
              "schema": {
                "type": "object",
                "required": ["username", "email", "password"],
                "properties": {
                  "username": {
                    "type": "string",
                    "minLength": 3,
                    "maxLength": 50,
                    "example": "newuser123"
                  },
                  "email": {
                    "type": "string",
                    "format": "email",
                    "example": "user@example.com"
                  },
                  "password": {
                    "type": "string",
                    "minLength": 8,
                    "example": "securepassword123"
                  },
                  "phone": {
                    "type": "string",
                    "example": "+966501234567"
                  }
                }
              }
            }
          }
        },
        "responses": {
          "201": {
            "description": "تم إنشاء الحساب بنجاح",
            "content": {
              "application/json": {
                "schema": {
                  "type": "object",
                  "properties": {
                    "success": {
                      "type": "boolean",
                      "example": true
                    },
                    "data": {
                      "type": "object",
                      "properties": {
                        "user_id": {
                          "type": "integer",
                          "example": 123
                        },
                        "message": {
                          "type": "string",
                          "example": "تم إنشاء الحساب بنجاح"
                        }
                      }
                    }
                  }
                }
              }
            }
          },
          "400": {
            "$ref": "#/components/responses/BadRequest"
          },
          "409": {
            "description": "المستخدم موجود مسبقاً",
            "content": {
              "application/json": {
                "schema": {
                  "$ref": "#/components/schemas/Error"
                }
              }
            }
          }
        }
      }
    },
    "/products": {
      "get": {
        "tags": ["Products"],
        "summary": "قائمة المنتجات",
        "description": "الحصول على قائمة بجميع المنتجات المتاحة",
        "parameters": [
          {
            "name": "category_id",
            "in": "query",
            "description": "معرف الفئة لتصفية المنتجات",
            "schema": {
              "type": "integer"
            }
          },
          {
            "name": "page",
            "in": "query",
            "description": "رقم الصفحة",
            "schema": {
              "type": "integer",
              "default": 1
            }
          },
          {
            "name": "limit",
            "in": "query",
            "description": "عدد المنتجات في الصفحة",
            "schema": {
              "type": "integer",
              "default": 20,
              "maximum": 100
            }
          },
          {
            "name": "search",
            "in": "query",
            "description": "البحث في أسماء المنتجات",
            "schema": {
              "type": "string"
            }
          }
        ],
        "responses": {
          "200": {
            "description": "قائمة المنتجات",
            "content": {
              "application/json": {
                "schema": {
                  "type": "object",
                  "properties": {
                    "success": {
                      "type": "boolean",
                      "example": true
                    },
                    "data": {
                      "type": "object",
                      "properties": {
                        "products": {
                          "type": "array",
                          "items": {
                            "$ref": "#/components/schemas/Product"
                          }
                        },
                        "pagination": {
                          "$ref": "#/components/schemas/Pagination"
                        }
                      }
                    }
                  }
                }
              }
            }
          }
        }
      }
    },
    "/products/{id}": {
      "get": {
        "tags": ["Products"],
        "summary": "تفاصيل منتج",
        "description": "الحصول على تفاصيل منتج محدد",
        "parameters": [
          {
            "name": "id",
            "in": "path",
            "required": true,
            "description": "معرف المنتج",
            "schema": {
              "type": "integer"
            }
          }
        ],
        "responses": {
          "200": {
            "description": "تفاصيل المنتج",
            "content": {
              "application/json": {
                "schema": {
                  "type": "object",
                  "properties": {
                    "success": {
                      "type": "boolean",
                      "example": true
                    },
                    "data": {
                      "$ref": "#/components/schemas/Product"
                    }
                  }
                }
              }
            }
          },
          "404": {
            "$ref": "#/components/responses/NotFound"
          }
        }
      }
    },
    "/orders": {
      "post": {
        "tags": ["Orders"],
        "summary": "إنشاء طلب جديد",
        "description": "إنشاء طلب شحن جديد",
        "security": [
          {
            "ApiKeyAuth": []
          }
        ],
        "requestBody": {
          "required": true,
          "content": {
            "application/json": {
              "schema": {
                "type": "object",
                "required": ["product_id", "quantity", "player_id"],
                "properties": {
                  "product_id": {
                    "type": "integer",
                    "example": 1
                  },
                  "quantity": {
                    "type": "integer",
                    "minimum": 1,
                    "example": 1
                  },
                  "player_id": {
                    "type": "string",
                    "example": "123456789"
                  },
                  "server_id": {
                    "type": "string",
                    "example": "server1"
                  },
                  "payment_method": {
                    "type": "string",
                    "enum": ["wallet", "paypal", "stripe", "mada", "apple_pay", "google_pay"],
                    "example": "wallet"
                  },
                  "notes": {
                    "type": "string",
                    "example": "ملاحظات إضافية"
                  }
                }
              }
            }
          }
        },
        "responses": {
          "201": {
            "description": "تم إنشاء الطلب بنجاح",
            "content": {
              "application/json": {
                "schema": {
                  "type": "object",
                  "properties": {
                    "success": {
                      "type": "boolean",
                      "example": true
                    },
                    "data": {
                      "type": "object",
                      "properties": {
                        "order_id": {
                          "type": "integer",
                          "example": 12345
                        },
                        "status": {
                          "type": "string",
                          "example": "pending"
                        },
                        "payment_url": {
                          "type": "string",
                          "example": "https://payment.gateway.com/pay/12345"
                        }
                      }
                    }
                  }
                }
              }
            }
          },
          "400": {
            "$ref": "#/components/responses/BadRequest"
          },
          "401": {
            "$ref": "#/components/responses/Unauthorized"
          },
          "402": {
            "description": "رصيد غير كافي",
            "content": {
              "application/json": {
                "schema": {
                  "$ref": "#/components/schemas/Error"
                }
              }
            }
          }
        }
      },
      "get": {
        "tags": ["Orders"],
        "summary": "قائمة الطلبات",
        "description": "الحصول على قائمة طلبات المستخدم",
        "security": [
          {
            "ApiKeyAuth": []
          }
        ],
        "parameters": [
          {
            "name": "status",
            "in": "query",
            "description": "حالة الطلب",
            "schema": {
              "type": "string",
              "enum": ["pending", "processing", "completed", "failed", "cancelled"]
            }
          },
          {
            "name": "page",
            "in": "query",
            "schema": {
              "type": "integer",
              "default": 1
            }
          },
          {
            "name": "limit",
            "in": "query",
            "schema": {
              "type": "integer",
              "default": 20
            }
          }
        ],
        "responses": {
          "200": {
            "description": "قائمة الطلبات",
            "content": {
              "application/json": {
                "schema": {
                  "type": "object",
                  "properties": {
                    "success": {
                      "type": "boolean",
                      "example": true
                    },
                    "data": {
                      "type": "object",
                      "properties": {
                        "orders": {
                          "type": "array",
                          "items": {
                            "$ref": "#/components/schemas/Order"
                          }
                        },
                        "pagination": {
                          "$ref": "#/components/schemas/Pagination"
                        }
                      }
                    }
                  }
                }
              }
            }
          }
        }
      }
    },
    "/orders/{id}": {
      "get": {
        "tags": ["Orders"],
        "summary": "تفاصيل طلب",
        "description": "الحصول على تفاصيل طلب محدد",
        "security": [
          {
            "ApiKeyAuth": []
          }
        ],
        "parameters": [
          {
            "name": "id",
            "in": "path",
            "required": true,
            "description": "معرف الطلب",
            "schema": {
              "type": "integer"
            }
          }
        ],
        "responses": {
          "200": {
            "description": "تفاصيل الطلب",
            "content": {
              "application/json": {
                "schema": {
                  "type": "object",
                  "properties": {
                    "success": {
                      "type": "boolean",
                      "example": true
                    },
                    "data": {
                      "$ref": "#/components/schemas/Order"
                    }
                  }
                }
              }
            }
          },
          "404": {
            "$ref": "#/components/responses/NotFound"
          }
        }
      }
    },
    "/wallet": {
      "get": {
        "tags": ["Wallet"],
        "summary": "رصيد المحفظة",
        "description": "الحصول على رصيد محفظة المستخدم",
        "security": [
          {
            "ApiKeyAuth": []
          }
        ],
        "responses": {
          "200": {
            "description": "رصيد المحفظة",
            "content": {
              "application/json": {
                "schema": {
                  "type": "object",
                  "properties": {
                    "success": {
                      "type": "boolean",
                      "example": true
                    },
                    "data": {
                      "type": "object",
                      "properties": {
                        "balance": {
                          "type": "number",
                          "format": "decimal",
                          "example": 150.5
                        },
                        "currency": {
                          "type": "string",
                          "example": "YER"
                        },
                        "status": {
                          "type": "string",
                          "example": "active"
                        }
                      }
                    }
                  }
                }
              }
            }
          }
        }
      }
    },
    "/wallet/topup": {
      "post": {
        "tags": ["Wallet"],
        "summary": "شحن المحفظة",
        "description": "شحن رصيد المحفظة",
        "security": [
          {
            "ApiKeyAuth": []
          }
        ],
        "requestBody": {
          "required": true,
          "content": {
            "application/json": {
              "schema": {
                "type": "object",
                "required": ["amount", "payment_method"],
                "properties": {
                  "amount": {
                    "type": "number",
                    "format": "decimal",
                    "minimum": 10,
                    "example": 100.0
                  },
                  "payment_method": {
                    "type": "string",
                    "enum": ["paypal", "stripe", "mada", "apple_pay", "google_pay", "bank_transfer"],
                    "example": "paypal"
                  },
                  "currency": {
                    "type": "string",
                    "default": "YER",
                    "example": "YER"
                  }
                }
              }
            }
          }
        },
        "responses": {
          "201": {
            "description": "تم إنشاء طلب الشحن",
            "content": {
              "application/json": {
                "schema": {
                  "type": "object",
                  "properties": {
                    "success": {
                      "type": "boolean",
                      "example": true
                    },
                    "data": {
                      "type": "object",
                      "properties": {
                        "transaction_id": {
                          "type": "string",
                          "example": "txn_123456789"
                        },
                        "payment_url": {
                          "type": "string",
                          "example": "https://payment.gateway.com/pay/123456"
                        },
                        "amount": {
                          "type": "number",
                          "example": 100.0
                        }
                      }
                    }
                  }
                }
              }
            }
          }
        }
      }
    },
    "/wallet/history": {
      "get": {
        "tags": ["Wallet"],
        "summary": "تاريخ المعاملات",
        "description": "الحصول على تاريخ معاملات المحفظة",
        "security": [
          {
            "ApiKeyAuth": []
          }
        ],
        "parameters": [
          {
            "name": "type",
            "in": "query",
            "description": "نوع المعاملة",
            "schema": {
              "type": "string",
              "enum": ["credit", "debit", "all"]
            }
          },
          {
            "name": "from_date",
            "in": "query",
            "description": "من تاريخ",
            "schema": {
              "type": "string",
              "format": "date"
            }
          },
          {
            "name": "to_date",
            "in": "query",
            "description": "إلى تاريخ",
            "schema": {
              "type": "string",
              "format": "date"
            }
          },
          {
            "name": "page",
            "in": "query",
            "schema": {
              "type": "integer",
              "default": 1
            }
          }
        ],
        "responses": {
          "200": {
            "description": "تاريخ المعاملات",
            "content": {
              "application/json": {
                "schema": {
                  "type": "object",
                  "properties": {
                    "success": {
                      "type": "boolean",
                      "example": true
                    },
                    "data": {
                      "type": "object",
                      "properties": {
                        "transactions": {
                          "type": "array",
                          "items": {
                            "$ref": "#/components/schemas/WalletTransaction"
                          }
                        },
                        "pagination": {
                          "$ref": "#/components/schemas/Pagination"
                        }
                      }
                    }
                  }
                }
              }
            }
          }
        }
      }
    },
    "/payment/create": {
      "post": {
        "tags": ["Payment"],
        "summary": "إنشاء عملية دفع",
        "description": "إنشاء عملية دفع جديدة",
        "security": [
          {
            "ApiKeyAuth": []
          }
        ],
        "requestBody": {
          "required": true,
          "content": {
            "application/json": {
              "schema": {
                "type": "object",
                "required": ["amount", "currency", "payment_method"],
                "properties": {
                  "amount": {
                    "type": "number",
                    "format": "decimal",
                    "example": 100.0
                  },
                  "currency": {
                    "type": "string",
                    "example": "YER"
                  },
                  "payment_method": {
                    "type": "string",
                    "enum": ["paypal", "stripe", "mada", "apple_pay", "google_pay"],
                    "example": "paypal"
                  },
                  "order_id": {
                    "type": "integer",
                    "example": 12345
                  },
                  "return_url": {
                    "type": "string",
                    "example": "https://yoursite.com/payment/success"
                  },
                  "cancel_url": {
                    "type": "string",
                    "example": "https://yoursite.com/payment/cancel"
                  }
                }
              }
            }
          }
        },
        "responses": {
          "201": {
            "description": "تم إنشاء عملية الدفع",
            "content": {
              "application/json": {
                "schema": {
                  "type": "object",
                  "properties": {
                    "success": {
                      "type": "boolean",
                      "example": true
                    },
                    "data": {
                      "type": "object",
                      "properties": {
                        "payment_id": {
                          "type": "string",
                          "example": "pay_123456789"
                        },
                        "payment_url": {
                          "type": "string",
                          "example": "https://payment.gateway.com/pay/123456"
                        },
                        "expires_at": {
                          "type": "string",
                          "format": "date-time",
                          "example": "2024-01-15T10:30:00Z"
                        }
                      }
                    }
                  }
                }
              }
            }
          }
        }
      }
    },
    "/categories": {
      "get": {
        "tags": ["Categories"],
        "summary": "قائمة الفئات",
        "description": "الحصول على قائمة فئات المنتجات",
        "responses": {
          "200": {
            "description": "قائمة الفئات",
            "content": {
              "application/json": {
                "schema": {
                  "type": "object",
                  "properties": {
                    "success": {
                      "type": "boolean",
                      "example": true
                    },
                    "data": {
                      "type": "array",
                      "items": {
                        "$ref": "#/components/schemas/Category"
                      }
                    }
                  }
                }
              }
            }
          }
        }
      }
    }
  },
  "components": {
    "securitySchemes": {
      "ApiKeyAuth": {
        "type": "apiKey",
        "in": "header",
        "name": "X-API-Key",
        "description": "API Key للمصادقة"
      },
      "BearerAuth": {
        "type": "http",
        "scheme": "bearer",
        "bearerFormat": "JWT",
        "description": "JWT Token للمصادقة"
      }
    },
    "schemas": {
      "User": {
        "type": "object",
        "properties": {
          "id": {
            "type": "integer",
            "example": 123
          },
          "username": {
            "type": "string",
            "example": "user123"
          },
          "email": {
            "type": "string",
            "format": "email",
            "example": "user@example.com"
          },
          "phone": {
            "type": "string",
            "example": "+966501234567"
          },
          "status": {
            "type": "string",
            "enum": ["active", "inactive", "suspended"],
            "example": "active"
          },
          "created_at": {
            "type": "string",
            "format": "date-time",
            "example": "2024-01-15T10:30:00Z"
          }
        }
      },
      "Product": {
        "type": "object",
        "properties": {
          "id": {
            "type": "integer",
            "example": 1
          },
          "name": {
            "type": "string",
            "example": "PUBG Mobile - 60 UC"
          },
          "description": {
            "type": "string",
            "example": "شحن 60 شدة لعبة ببجي موبايل"
          },
          "category_id": {
            "type": "integer",
            "example": 1
          },
          "category_name": {
            "type": "string",
            "example": "ألعاب"
          },
          "price": {
            "type": "number",
            "format": "decimal",
            "example": 25.0
          },
          "currency": {
            "type": "string",
            "example": "YER"
          },
          "image": {
            "type": "string",
            "example": "https://faststarone.com/images/pubg-60uc.jpg"
          },
          "status": {
            "type": "string",
            "enum": ["active", "inactive"],
            "example": "active"
          },
          "stock": {
            "type": "integer",
            "example": 100
          }
        }
      },
      "Order": {
        "type": "object",
        "properties": {
          "id": {
            "type": "integer",
            "example": 12345
          },
          "user_id": {
            "type": "integer",
            "example": 123
          },
          "product_id": {
            "type": "integer",
            "example": 1
          },
          "product_name": {
            "type": "string",
            "example": "PUBG Mobile - 60 UC"
          },
          "quantity": {
            "type": "integer",
            "example": 1
          },
          "price": {
            "type": "number",
            "format": "decimal",
            "example": 25.0
          },
          "total": {
            "type": "number",
            "format": "decimal",
            "example": 25.0
          },
          "currency": {
            "type": "string",
            "example": "YER"
          },
          "player_id": {
            "type": "string",
            "example": "123456789"
          },
          "server_id": {
            "type": "string",
            "example": "server1"
          },
          "status": {
            "type": "string",
            "enum": ["pending", "processing", "completed", "failed", "cancelled"],
            "example": "completed"
          },
          "payment_method": {
            "type": "string",
            "example": "wallet"
          },
          "notes": {
            "type": "string",
            "example": "ملاحظات إضافية"
          },
          "created_at": {
            "type": "string",
            "format": "date-time",
            "example": "2024-01-15T10:30:00Z"
          },
          "completed_at": {
            "type": "string",
            "format": "date-time",
            "example": "2024-01-15T10:35:00Z"
          }
        }
      },
      "Category": {
        "type": "object",
        "properties": {
          "id": {
            "type": "integer",
            "example": 1
          },
          "name": {
            "type": "string",
            "example": "ألعاب"
          },
          "description": {
            "type": "string",
            "example": "فئة الألعاب والتطبيقات"
          },
          "image": {
            "type": "string",
            "example": "https://faststarone.com/images/games-category.jpg"
          },
          "products_count": {
            "type": "integer",
            "example": 25
          },
          "status": {
            "type": "string",
            "enum": ["active", "inactive"],
            "example": "active"
          }
        }
      },
      "WalletTransaction": {
        "type": "object",
        "properties": {
          "id": {
            "type": "integer",
            "example": 1001
          },
          "type": {
            "type": "string",
            "enum": ["credit", "debit"],
            "example": "credit"
          },
          "amount": {
            "type": "number",
            "format": "decimal",
            "example": 100.0
          },
          "currency": {
            "type": "string",
            "example": "YER"
          },
          "description": {
            "type": "string",
            "example": "شحن المحفظة عبر PayPal"
          },
          "reference_id": {
            "type": "string",
            "example": "pay_123456789"
          },
          "balance_before": {
            "type": "number",
            "format": "decimal",
            "example": 50.0
          },
          "balance_after": {
            "type": "number",
            "format": "decimal",
            "example": 150.0
          },
          "created_at": {
            "type": "string",
            "format": "date-time",
            "example": "2024-01-15T10:30:00Z"
          }
        }
      },
      "Pagination": {
        "type": "object",
        "properties": {
          "current_page": {
            "type": "integer",
            "example": 1
          },
          "per_page": {
            "type": "integer",
            "example": 20
          },
          "total": {
            "type": "integer",
            "example": 150
          },
          "total_pages": {
            "type": "integer",
            "example": 8
          },
          "has_next": {
            "type": "boolean",
            "example": true
          },
          "has_prev": {
            "type": "boolean",
            "example": false
          }
        }
      },
      "Error": {
        "type": "object",
        "properties": {
          "success": {
            "type": "boolean",
            "example": false
          },
          "error": {
            "type": "object",
            "properties": {
              "code": {
                "type": "integer",
                "example": 400
              },
              "message": {
                "type": "string",
                "example": "خطأ في البيانات المرسلة"
              },
              "details": {
                "type": "string",
                "example": "تفاصيل إضافية حول الخطأ"
              }
            }
          }
        }
      }
    },
    "responses": {
      "BadRequest": {
        "description": "خطأ في البيانات المرسلة",
        "content": {
          "application/json": {
            "schema": {
              "$ref": "#/components/schemas/Error"
            }
          }
        }
      },
      "Unauthorized": {
        "description": "غير مصرح - مطلوب مصادقة",
        "content": {
          "application/json": {
            "schema": {
              "$ref": "#/components/schemas/Error"
            }
          }
        }
      },
      "NotFound": {
        "description": "المورد غير موجود",
        "content": {
          "application/json": {
            "schema": {
              "$ref": "#/components/schemas/Error"
            }
          }
        }
      },
      "RateLimitExceeded": {
        "description": "تم تجاوز الحد المسموح من الطلبات",
        "content": {
          "application/json": {
            "schema": {
              "$ref": "#/components/schemas/Error"
            }
          }
        }
      }
    }
  },
  "tags": [
    {
      "name": "Authentication",
      "description": "عمليات المصادقة وإدارة الجلسات"
    },
    {
      "name": "Products",
      "description": "إدارة المنتجات والفئات"
    },
    {
      "name": "Orders",
      "description": "إدارة الطلبات والشحن"
    },
    {
      "name": "Wallet",
      "description": "إدارة المحفظة والرصيد"
    },
    {
      "name": "Payment",
      "description": "عمليات الدفع والتحصيل"
    },
    {
      "name": "Categories",
      "description": "فئات المنتجات"
    }
  ]
}
